"local_code","local_name","api_team_id","api_team_name","api_country","founded","national","logo","source","data_status"
"ALG","Algeria","1532","Algeria","Algeria","1962","True","https://media.api-sports.io/football/teams/1532.png","API-Football teams endpoint; supplemented missing profile","available"
"ARG","Argentina","26","Argentina","Argentina","","True","","API-Football teams endpoint","available"
"AUS","Australia","20","Australia","Australia","1961","True","https://media.api-sports.io/football/teams/20.png","API-Football teams endpoint","available"
"AUT","Austria","775","Austria","Austria","1904","True","https://media.api-sports.io/football/teams/775.png","API-Football teams endpoint; supplemented missing profile","available"
"BEL","Belgium","1","Belgium","Belgium","1895","True","https://media.api-sports.io/football/teams/1.png","API-Football teams endpoint","available"
"BIH","Bosnia & Herzegovina","1113","Bosnia & Herzegovina","Bosnia","1992","True","https://media.api-sports.io/football/teams/1113.png","API-Football teams endpoint","available"
"BRA","Brazil","6","Brazil","Brazil","1914","True","https://media.api-sports.io/football/teams/6.png","API-Football teams endpoint","available"
"CAN","Canada","5529","Canada","Canada","1912","True","https://media.api-sports.io/football/teams/5529.png","API-Football teams endpoint","available"
"CIV","Ivory Coast","19129","Côte d'Ivoire","Ivory-Coast","1960","True","https://media.api-sports.io/football/teams/19129.png","API-Football teams endpoint","available"
"COL","Colombia","8","Colombia","Colombia","1924","True","https://media.api-sports.io/football/teams/8.png","API-Football teams endpoint; supplemented missing profile","available"
"CPV","Cape Verde","19128","Cabo Verde","Cape-Verde","","True","https://media.api-sports.io/football/teams/19128.png","API-Football teams endpoint","available"
"CRO","Croatia","3","Croatia","Croatia","","True","","API-Football teams endpoint","available"
"CUW","Curacao","5530","Curaçao","Curacao","1921","True","https://media.api-sports.io/football/teams/5530.png","API-Football teams endpoint","available"
"CZE","Czech Republic","770","Czech Republic","Czech-Republic","1901","True","https://media.api-sports.io/football/teams/770.png","API-Football teams endpoint","available"
"ECU","Ecuador","2382","Ecuador","Ecuador","1925","True","https://media.api-sports.io/football/teams/2382.png","API-Football teams endpoint","available"
"EGY","Egypt","32","Egypt","Egypt","1921","True","https://media.api-sports.io/football/teams/32.png","API-Football teams endpoint","available"
"ENG","England","10","England","England","","True","","API-Football teams endpoint","available"
"ESP","Spain","9","Spain","Spain","1913","True","https://media.api-sports.io/football/teams/9.png","API-Football teams endpoint","available"
"FIFA_PLAYOFF_1","FIFA Playoff 1","","","","","","","API-Football teams endpoint","missing_api_profile"
"FIFA_PLAYOFF_2","FIFA Playoff 2","","","","","","","API-Football teams endpoint","missing_api_profile"
"FRA","France","2","France","France","1919","True","https://media.api-sports.io/football/teams/2.png","API-Football teams endpoint","available"
"GER","Germany","25","Germany","Germany","1900","True","https://media.api-sports.io/football/teams/25.png","API-Football teams endpoint","available"
"GHA","Ghana","1504","Ghana","Ghana","","True","","API-Football teams endpoint","available"
"HAI","Haiti","2386","Haiti","Haiti","1904","True","https://media.api-sports.io/football/teams/2386.png","API-Football teams endpoint","available"
"IRN","Iran","22","Iran","Iran","","True","","API-Football teams endpoint","available"
"JOR","Jordan","1548","Jordan","Jordan","1949","True","https://media.api-sports.io/football/teams/1548.png","API-Football teams endpoint; supplemented missing profile","available"
"JPN","Japan","12","Japan","Japan","1921","True","https://media.api-sports.io/football/teams/12.png","API-Football teams endpoint","available"
"KOR","South Korea","17","South Korea","South-Korea","1933","True","https://media.api-sports.io/football/teams/17.png","API-Football teams endpoint","available"
"KSA","Saudi Arabia","23","Saudi Arabia","Saudi-Arabia","1956","True","https://media.api-sports.io/football/teams/23.png","API-Football teams endpoint","available"
"MAR","Morocco","31","Morocco","Morocco","1955","True","https://media.api-sports.io/football/teams/31.png","API-Football teams endpoint","available"
"MEX","Mexico","16","Mexico","Mexico","1927","True","https://media.api-sports.io/football/teams/16.png","API-Football teams endpoint","available"
"NED","Netherlands","1118","Netherlands","Netherlands","1889","True","https://media.api-sports.io/football/teams/1118.png","API-Football teams endpoint","available"
"NOR","Norway","1090","Norway","Norway","1902","True","https://media.api-sports.io/football/teams/1090.png","API-Football teams endpoint; supplemented missing profile","available"
"NZL","New Zealand","4673","New Zealand","New-Zealand","1891","True","https://media.api-sports.io/football/teams/4673.png","API-Football teams endpoint","available"
"PAN","Panama","11","Panama","Panama","1937","True","https://media.api-sports.io/football/teams/11.png","API-Football teams endpoint; supplemented missing profile","available"
"PAR","Paraguay","2380","Paraguay","Paraguay","1906","True","https://media.api-sports.io/football/teams/2380.png","API-Football teams endpoint","available"
"POR","Portugal","27","Portugal","Portugal","","True","","API-Football teams endpoint","available"
"QAT","Qatar","1569","Qatar","Qatar","1960","True","https://media.api-sports.io/football/teams/1569.png","API-Football teams endpoint","available"
"RSA","South Africa","1531","South Africa","South-Africa","1991","True","https://media.api-sports.io/football/teams/1531.png","API-Football teams endpoint","available"
"SCO","Scotland","1108","Scotland","Scotland","1873","True","https://media.api-sports.io/football/teams/1108.png","API-Football teams endpoint","available"
"SEN","Senegal","13","Senegal","Senegal","1960","True","https://media.api-sports.io/football/teams/13.png","API-Football teams endpoint","available"
"SUI","Switzerland","15","Switzerland","Switzerland","1895","True","https://media.api-sports.io/football/teams/15.png","API-Football teams endpoint","available"
"TUN","Tunisia","28","Tunisia","Tunisia","1957","True","https://media.api-sports.io/football/teams/28.png","API-Football teams endpoint","available"
"TUR","Turkey","777","Türkiye","Turkey","1923","True","https://media.api-sports.io/football/teams/777.png","API-Football teams endpoint","available"
"UEFA_PLAYOFF_B","UEFA Playoff B","","","","","","","API-Football teams endpoint","missing_api_profile"
"URU","Uruguay","7","Uruguay","Uruguay","1900","True","https://media.api-sports.io/football/teams/7.png","API-Football teams endpoint","available"
"USA","USA","2384","USA","USA","","True","","API-Football teams endpoint","available"
"UZB","Uzbekistan","1568","Uzbekistan","Uzbekistan","1946","True","https://media.api-sports.io/football/teams/1568.png","API-Football teams endpoint; supplemented missing profile","available"
