"file_name","data_type","source","is_real_data","public_page_ready","vip_potential","current_status","next_action"
"theoddsapi_event_coverage_pool.csv","odds_event_coverage","TheOddsAPI","yes","partial","high","50 events covered; mapped/pending status available","Use for data coverage dashboard; do not expose raw API logic"
"theoddsapi_event_odds_pool.csv","odds_detail_pool","TheOddsAPI","yes","partial","high","50 events; 1907 odds records; 51 unique bookmakers","Keep as private data asset; later map safe records into odds.csv"
"apifootball_local_data_inventory.csv","data_inventory","local_index","yes","no","low","Inventory of local API-Football assets","Use internally for planning only"
"apifootball_team_profiles_48.csv","team_profiles","API-Football","yes","yes","medium","45 real team profiles available; 3 playoff placeholders missing","Can connect to team pages or data source panel"
"apifootball_missing_team_profiles_summary.csv","team_profile_supplement","API-Football","yes","no","low","7 missing real teams supplemented","Keep as audit trail"
"worldcup_2022_fixtures_apifootball.csv","historical_fixtures","API-Football","yes","yes","medium","64 matches parsed","Use as base table for historical match references"
"worldcup_2022_match_statistics_apifootball.csv","historical_match_statistics","API-Football","yes","yes","high","44 matches; 1408 statistics records","Use for team style and match comparison modules"
"worldcup_2022_lineups_apifootball.csv","historical_lineups","API-Football","yes","partial","high","44 matches; 2204 lineup records; 815 players","Use for formation and historical lineup modules"
"worldcup_2022_team_style_summary.csv","team_style_summary","API-Football derived","yes","yes","high","32 teams; fixtures + statistics + lineups aggregated","Best candidate for next public page integration"
