"match_id","group","stage","match_date","kickoff","team_code","team_name","current_city","current_stadium","previous_match_id","previous_match_date","previous_city","previous_stadium","rest_days","moved_city","is_final_group_round","schedule_pressure_level","schedule_pressure_reason","source"
"1","Group A","Matchday 1","2026-06-11","13:00 UTC-6","MEX","Mexico","Mexico City","Mexico City Stadium","","","","","","FIRST_GROUP_MATCH","NO","首场小组赛","本队本届小组赛首场比赛，暂无上一场休息与移动压力。","calculated_from_data_matches_csv"
"1","Group A","Matchday 1","2026-06-11","13:00 UTC-6","RSA","South Africa","Mexico City","Mexico City Stadium","","","","","","FIRST_GROUP_MATCH","NO","首场小组赛","本队本届小组赛首场比赛，暂无上一场休息与移动压力。","calculated_from_data_matches_csv"
"2","Group A","Matchday 1","2026-06-11","20:00 UTC-6","KOR","South Korea","Guadalajara","Estadio Guadalajara","","","","","","FIRST_GROUP_MATCH","NO","首场小组赛","本队本届小组赛首场比赛，暂无上一场休息与移动压力。","calculated_from_data_matches_csv"
"2","Group A","Matchday 1","2026-06-11","20:00 UTC-6","CZE","Czech Republic","Guadalajara","Estadio Guadalajara","","","","","","FIRST_GROUP_MATCH","NO","首场小组赛","本队本届小组赛首场比赛，暂无上一场休息与移动压力。","calculated_from_data_matches_csv"
"7","Group B","Matchday 2","2026-06-12","15:00 UTC-4","CAN","Canada","Toronto","Toronto Stadium","","","","","","FIRST_GROUP_MATCH","NO","首场小组赛","本队本届小组赛首场比赛，暂无上一场休息与移动压力。","calculated_from_data_matches_csv"
"7","Group B","Matchday 2","2026-06-12","15:00 UTC-4","BIH","Bosnia and Herzegovina","Toronto","Toronto Stadium","","","","","","FIRST_GROUP_MATCH","NO","首场小组赛","本队本届小组赛首场比赛，暂无上一场休息与移动压力。","calculated_from_data_matches_csv"
"19","Group D","Matchday 2","2026-06-12","18:00 UTC-7","USA","United States","Los Angeles","Los Angeles Stadium","","","","","","FIRST_GROUP_MATCH","NO","首场小组赛","本队本届小组赛首场比赛，暂无上一场休息与移动压力。","calculated_from_data_matches_csv"
"19","Group D","Matchday 2","2026-06-12","18:00 UTC-7","PAR","Paraguay","Los Angeles","Los Angeles Stadium","","","","","","FIRST_GROUP_MATCH","NO","首场小组赛","本队本届小组赛首场比赛，暂无上一场休息与移动压力。","calculated_from_data_matches_csv"
"8","Group B","Matchday 3","2026-06-13","12:00 UTC-7","QAT","Qatar","San Francisco Bay Area","San Francisco Bay Area Stadium","","","","","","FIRST_GROUP_MATCH","NO","首场小组赛","本队本届小组赛首场比赛，暂无上一场休息与移动压力。","calculated_from_data_matches_csv"
"8","Group B","Matchday 3","2026-06-13","12:00 UTC-7","SUI","Switzerland","San Francisco Bay Area","San Francisco Bay Area Stadium","","","","","","FIRST_GROUP_MATCH","NO","首场小组赛","本队本届小组赛首场比赛，暂无上一场休息与移动压力。","calculated_from_data_matches_csv"
"13","Group C","Matchday 3","2026-06-13","18:00 UTC-4","BRA","Brazil","New York/New Jersey","New York New Jersey Stadium","","","","","","FIRST_GROUP_MATCH","NO","首场小组赛","本队本届小组赛首场比赛，暂无上一场休息与移动压力。","calculated_from_data_matches_csv"
"13","Group C","Matchday 3","2026-06-13","18:00 UTC-4","MAR","Morocco","New York/New Jersey","New York New Jersey Stadium","","","","","","FIRST_GROUP_MATCH","NO","首场小组赛","本队本届小组赛首场比赛，暂无上一场休息与移动压力。","calculated_from_data_matches_csv"
"14","Group C","Matchday 3","2026-06-13","21:00 UTC-4","HAI","Haiti","Boston","Boston Stadium","","","","","","FIRST_GROUP_MATCH","NO","首场小组赛","本队本届小组赛首场比赛，暂无上一场休息与移动压力。","calculated_from_data_matches_csv"
"14","Group C","Matchday 3","2026-06-13","21:00 UTC-4","SCO","Scotland","Boston","Boston Stadium","","","","","","FIRST_GROUP_MATCH","NO","首场小组赛","本队本届小组赛首场比赛，暂无上一场休息与移动压力。","calculated_from_data_matches_csv"
"20","Group D","Matchday 3","2026-06-13","21:00 UTC-7","AUS","Australia","Vancouver","BC Place Vancouver","","","","","","FIRST_GROUP_MATCH","NO","首场小组赛","本队本届小组赛首场比赛，暂无上一场休息与移动压力。","calculated_from_data_matches_csv"
"20","Group D","Matchday 3","2026-06-13","21:00 UTC-7","TUR","Turkey","Vancouver","BC Place Vancouver","","","","","","FIRST_GROUP_MATCH","NO","首场小组赛","本队本届小组赛首场比赛，暂无上一场休息与移动压力。","calculated_from_data_matches_csv"
"25","Group E","Matchday 4","2026-06-14","12:00 UTC-5","GER","Germany","Houston","Houston Stadium","","","","","","FIRST_GROUP_MATCH","NO","首场小组赛","本队本届小组赛首场比赛，暂无上一场休息与移动压力。","calculated_from_data_matches_csv"
"25","Group E","Matchday 4","2026-06-14","12:00 UTC-5","CUW","Curaçao","Houston","Houston Stadium","","","","","","FIRST_GROUP_MATCH","NO","首场小组赛","本队本届小组赛首场比赛，暂无上一场休息与移动压力。","calculated_from_data_matches_csv"
"26","Group E","Matchday 4","2026-06-14","19:00 UTC-4","CIV","Ivory Coast","Philadelphia","Philadelphia Stadium","","","","","","FIRST_GROUP_MATCH","NO","首场小组赛","本队本届小组赛首场比赛，暂无上一场休息与移动压力。","calculated_from_data_matches_csv"
"26","Group E","Matchday 4","2026-06-14","19:00 UTC-4","ECU","Ecuador","Philadelphia","Philadelphia Stadium","","","","","","FIRST_GROUP_MATCH","NO","首场小组赛","本队本届小组赛首场比赛，暂无上一场休息与移动压力。","calculated_from_data_matches_csv"
"31","Group F","Matchday 4","2026-06-14","15:00 UTC-5","NED","Netherlands","Dallas","Dallas Stadium","","","","","","FIRST_GROUP_MATCH","NO","首场小组赛","本队本届小组赛首场比赛，暂无上一场休息与移动压力。","calculated_from_data_matches_csv"
"31","Group F","Matchday 4","2026-06-14","15:00 UTC-5","JPN","Japan","Dallas","Dallas Stadium","","","","","","FIRST_GROUP_MATCH","NO","首场小组赛","本队本届小组赛首场比赛，暂无上一场休息与移动压力。","calculated_from_data_matches_csv"
"32","Group F","Matchday 4","2026-06-14","20:00 UTC-6","SWE","Sweden","Monterrey","Estadio Monterrey","","","","","","FIRST_GROUP_MATCH","NO","首场小组赛","本队本届小组赛首场比赛，暂无上一场休息与移动压力。","calculated_from_data_matches_csv"
"32","Group F","Matchday 4","2026-06-14","20:00 UTC-6","TUN","Tunisia","Monterrey","Estadio Monterrey","","","","","","FIRST_GROUP_MATCH","NO","首场小组赛","本队本届小组赛首场比赛，暂无上一场休息与移动压力。","calculated_from_data_matches_csv"
"37","Group G","Matchday 5","2026-06-15","12:00 UTC-7","BEL","Belgium","Seattle","Seattle Stadium","","","","","","FIRST_GROUP_MATCH","NO","首场小组赛","本队本届小组赛首场比赛，暂无上一场休息与移动压力。","calculated_from_data_matches_csv"
"37","Group G","Matchday 5","2026-06-15","12:00 UTC-7","EGY","Egypt","Seattle","Seattle Stadium","","","","","","FIRST_GROUP_MATCH","NO","首场小组赛","本队本届小组赛首场比赛，暂无上一场休息与移动压力。","calculated_from_data_matches_csv"
"38","Group G","Matchday 5","2026-06-15","18:00 UTC-7","IRN","Iran","Los Angeles","Los Angeles Stadium","","","","","","FIRST_GROUP_MATCH","NO","首场小组赛","本队本届小组赛首场比赛，暂无上一场休息与移动压力。","calculated_from_data_matches_csv"
"38","Group G","Matchday 5","2026-06-15","18:00 UTC-7","NZL","New Zealand","Los Angeles","Los Angeles Stadium","","","","","","FIRST_GROUP_MATCH","NO","首场小组赛","本队本届小组赛首场比赛，暂无上一场休息与移动压力。","calculated_from_data_matches_csv"
"43","Group H","Matchday 5","2026-06-15","12:00 UTC-4","ESP","Spain","Atlanta","Atlanta Stadium","","","","","","FIRST_GROUP_MATCH","NO","首场小组赛","本队本届小组赛首场比赛，暂无上一场休息与移动压力。","calculated_from_data_matches_csv"
"43","Group H","Matchday 5","2026-06-15","12:00 UTC-4","CPV","Cape Verde","Atlanta","Atlanta Stadium","","","","","","FIRST_GROUP_MATCH","NO","首场小组赛","本队本届小组赛首场比赛，暂无上一场休息与移动压力。","calculated_from_data_matches_csv"
"44","Group H","Matchday 5","2026-06-15","18:00 UTC-4","KSA","Saudi Arabia","Miami","Miami Stadium","","","","","","FIRST_GROUP_MATCH","NO","首场小组赛","本队本届小组赛首场比赛，暂无上一场休息与移动压力。","calculated_from_data_matches_csv"
"44","Group H","Matchday 5","2026-06-15","18:00 UTC-4","URU","Uruguay","Miami","Miami Stadium","","","","","","FIRST_GROUP_MATCH","NO","首场小组赛","本队本届小组赛首场比赛，暂无上一场休息与移动压力。","calculated_from_data_matches_csv"
"49","Group I","Matchday 6","2026-06-16","15:00 UTC-4","FRA","France","New York/New Jersey","New York New Jersey Stadium","","","","","","FIRST_GROUP_MATCH","NO","首场小组赛","本队本届小组赛首场比赛，暂无上一场休息与移动压力。","calculated_from_data_matches_csv"
"49","Group I","Matchday 6","2026-06-16","15:00 UTC-4","SEN","Senegal","New York/New Jersey","New York New Jersey Stadium","","","","","","FIRST_GROUP_MATCH","NO","首场小组赛","本队本届小组赛首场比赛，暂无上一场休息与移动压力。","calculated_from_data_matches_csv"
"50","Group I","Matchday 6","2026-06-16","18:00 UTC-4","IRQ","Iraq","Boston","Boston Stadium","","","","","","FIRST_GROUP_MATCH","NO","首场小组赛","本队本届小组赛首场比赛，暂无上一场休息与移动压力。","calculated_from_data_matches_csv"
"50","Group I","Matchday 6","2026-06-16","18:00 UTC-4","NOR","Norway","Boston","Boston Stadium","","","","","","FIRST_GROUP_MATCH","NO","首场小组赛","本队本届小组赛首场比赛，暂无上一场休息与移动压力。","calculated_from_data_matches_csv"
"55","Group J","Matchday 6","2026-06-16","20:00 UTC-5","ARG","Argentina","Kansas City","Kansas City Stadium","","","","","","FIRST_GROUP_MATCH","NO","首场小组赛","本队本届小组赛首场比赛，暂无上一场休息与移动压力。","calculated_from_data_matches_csv"
"55","Group J","Matchday 6","2026-06-16","20:00 UTC-5","ALG","Algeria","Kansas City","Kansas City Stadium","","","","","","FIRST_GROUP_MATCH","NO","首场小组赛","本队本届小组赛首场比赛，暂无上一场休息与移动压力。","calculated_from_data_matches_csv"
"56","Group J","Matchday 6","2026-06-16","21:00 UTC-7","AUT","Austria","San Francisco Bay Area","San Francisco Bay Area Stadium","","","","","","FIRST_GROUP_MATCH","NO","首场小组赛","本队本届小组赛首场比赛，暂无上一场休息与移动压力。","calculated_from_data_matches_csv"
"56","Group J","Matchday 6","2026-06-16","21:00 UTC-7","JOR","Jordan","San Francisco Bay Area","San Francisco Bay Area Stadium","","","","","","FIRST_GROUP_MATCH","NO","首场小组赛","本队本届小组赛首场比赛，暂无上一场休息与移动压力。","calculated_from_data_matches_csv"
"61","Group K","Matchday 7","2026-06-17","12:00 UTC-5","POR","Portugal","Houston","Houston Stadium","","","","","","FIRST_GROUP_MATCH","NO","首场小组赛","本队本届小组赛首场比赛，暂无上一场休息与移动压力。","calculated_from_data_matches_csv"
"61","Group K","Matchday 7","2026-06-17","12:00 UTC-5","COD","DR Congo","Houston","Houston Stadium","","","","","","FIRST_GROUP_MATCH","NO","首场小组赛","本队本届小组赛首场比赛，暂无上一场休息与移动压力。","calculated_from_data_matches_csv"
"62","Group K","Matchday 7","2026-06-17","20:00 UTC-6","UZB","Uzbekistan","Mexico City","Mexico City Stadium","","","","","","FIRST_GROUP_MATCH","NO","首场小组赛","本队本届小组赛首场比赛，暂无上一场休息与移动压力。","calculated_from_data_matches_csv"
"62","Group K","Matchday 7","2026-06-17","20:00 UTC-6","COL","Colombia","Mexico City","Mexico City Stadium","","","","","","FIRST_GROUP_MATCH","NO","首场小组赛","本队本届小组赛首场比赛，暂无上一场休息与移动压力。","calculated_from_data_matches_csv"
"67","Group L","Matchday 7","2026-06-17","15:00 UTC-5","ENG","England","Dallas","Dallas Stadium","","","","","","FIRST_GROUP_MATCH","NO","首场小组赛","本队本届小组赛首场比赛，暂无上一场休息与移动压力。","calculated_from_data_matches_csv"
"67","Group L","Matchday 7","2026-06-17","15:00 UTC-5","CRO","Croatia","Dallas","Dallas Stadium","","","","","","FIRST_GROUP_MATCH","NO","首场小组赛","本队本届小组赛首场比赛，暂无上一场休息与移动压力。","calculated_from_data_matches_csv"
"68","Group L","Matchday 7","2026-06-17","19:00 UTC-4","GHA","Ghana","Toronto","Toronto Stadium","","","","","","FIRST_GROUP_MATCH","NO","首场小组赛","本队本届小组赛首场比赛，暂无上一场休息与移动压力。","calculated_from_data_matches_csv"
"68","Group L","Matchday 7","2026-06-17","19:00 UTC-4","PAN","Panama","Toronto","Toronto Stadium","","","","","","FIRST_GROUP_MATCH","NO","首场小组赛","本队本届小组赛首场比赛，暂无上一场休息与移动压力。","calculated_from_data_matches_csv"
"3","Group A","Matchday 8","2026-06-18","12:00 UTC-4","CZE","Czech Republic","Atlanta","Atlanta Stadium","2","2026-06-11","Guadalajara","Estadio Guadalajara","7","YES","NO","中","休息时间相对正常，但存在跨城市移动。","calculated_from_data_matches_csv"
"3","Group A","Matchday 8","2026-06-18","12:00 UTC-4","RSA","South Africa","Atlanta","Atlanta Stadium","1","2026-06-11","Mexico City","Mexico City Stadium","7","YES","NO","中","休息时间相对正常，但存在跨城市移动。","calculated_from_data_matches_csv"
"4","Group A","Matchday 8","2026-06-18","19:00 UTC-6","MEX","Mexico","Guadalajara","Estadio Guadalajara","1","2026-06-11","Mexico City","Mexico City Stadium","7","YES","NO","中","休息时间相对正常，但存在跨城市移动。","calculated_from_data_matches_csv"
"4","Group A","Matchday 8","2026-06-18","19:00 UTC-6","KOR","South Korea","Guadalajara","Estadio Guadalajara","2","2026-06-11","Guadalajara","Estadio Guadalajara","7","NO","NO","低","休息时间相对正常，且未跨城市移动。","calculated_from_data_matches_csv"
"9","Group B","Matchday 8","2026-06-18","12:00 UTC-7","SUI","Switzerland","Los Angeles","Los Angeles Stadium","8","2026-06-13","San Francisco Bay Area","San Francisco Bay Area Stadium","5","YES","NO","中","休息时间相对正常，但存在跨城市移动。","calculated_from_data_matches_csv"
"9","Group B","Matchday 8","2026-06-18","12:00 UTC-7","BIH","Bosnia and Herzegovina","Los Angeles","Los Angeles Stadium","7","2026-06-12","Toronto","Toronto Stadium","6","YES","NO","中","休息时间相对正常，但存在跨城市移动。","calculated_from_data_matches_csv"
"10","Group B","Matchday 8","2026-06-18","15:00 UTC-7","CAN","Canada","Vancouver","BC Place Vancouver","7","2026-06-12","Toronto","Toronto Stadium","6","YES","NO","中","休息时间相对正常，但存在跨城市移动。","calculated_from_data_matches_csv"
"10","Group B","Matchday 8","2026-06-18","15:00 UTC-7","QAT","Qatar","Vancouver","BC Place Vancouver","8","2026-06-13","San Francisco Bay Area","San Francisco Bay Area Stadium","5","YES","NO","中","休息时间相对正常，但存在跨城市移动。","calculated_from_data_matches_csv"
"15","Group C","Matchday 9","2026-06-19","18:00 UTC-4","SCO","Scotland","Boston","Boston Stadium","14","2026-06-13","Boston","Boston Stadium","6","NO","NO","低","休息时间相对正常，且未跨城市移动。","calculated_from_data_matches_csv"
"15","Group C","Matchday 9","2026-06-19","18:00 UTC-4","MAR","Morocco","Boston","Boston Stadium","13","2026-06-13","New York/New Jersey","New York New Jersey Stadium","6","YES","NO","中","休息时间相对正常，但存在跨城市移动。","calculated_from_data_matches_csv"
"16","Group C","Matchday 9","2026-06-19","21:00 UTC-4","BRA","Brazil","Philadelphia","Philadelphia Stadium","13","2026-06-13","New York/New Jersey","New York New Jersey Stadium","6","YES","NO","中","休息时间相对正常，但存在跨城市移动。","calculated_from_data_matches_csv"
"16","Group C","Matchday 9","2026-06-19","21:00 UTC-4","HAI","Haiti","Philadelphia","Philadelphia Stadium","14","2026-06-13","Boston","Boston Stadium","6","YES","NO","中","休息时间相对正常，但存在跨城市移动。","calculated_from_data_matches_csv"
"21","Group D","Matchday 9","2026-06-19","12:00 UTC-7","USA","United States","Seattle","Seattle Stadium","19","2026-06-12","Los Angeles","Los Angeles Stadium","7","YES","NO","中","休息时间相对正常，但存在跨城市移动。","calculated_from_data_matches_csv"
"21","Group D","Matchday 9","2026-06-19","12:00 UTC-7","AUS","Australia","Seattle","Seattle Stadium","20","2026-06-13","Vancouver","BC Place Vancouver","6","YES","NO","中","休息时间相对正常，但存在跨城市移动。","calculated_from_data_matches_csv"
"22","Group D","Matchday 9","2026-06-19","21:00 UTC-7","TUR","Turkey","San Francisco Bay Area","San Francisco Bay Area Stadium","20","2026-06-13","Vancouver","BC Place Vancouver","6","YES","NO","中","休息时间相对正常，但存在跨城市移动。","calculated_from_data_matches_csv"
"22","Group D","Matchday 9","2026-06-19","21:00 UTC-7","PAR","Paraguay","San Francisco Bay Area","San Francisco Bay Area Stadium","19","2026-06-12","Los Angeles","Los Angeles Stadium","7","YES","NO","中","休息时间相对正常，但存在跨城市移动。","calculated_from_data_matches_csv"
"27","Group E","Matchday 10","2026-06-20","16:00 UTC-4","GER","Germany","Toronto","Toronto Stadium","25","2026-06-14","Houston","Houston Stadium","6","YES","NO","中","休息时间相对正常，但存在跨城市移动。","calculated_from_data_matches_csv"
"27","Group E","Matchday 10","2026-06-20","16:00 UTC-4","CIV","Ivory Coast","Toronto","Toronto Stadium","26","2026-06-14","Philadelphia","Philadelphia Stadium","6","YES","NO","中","休息时间相对正常，但存在跨城市移动。","calculated_from_data_matches_csv"
"28","Group E","Matchday 10","2026-06-20","19:00 UTC-5","ECU","Ecuador","Kansas City","Kansas City Stadium","26","2026-06-14","Philadelphia","Philadelphia Stadium","6","YES","NO","中","休息时间相对正常，但存在跨城市移动。","calculated_from_data_matches_csv"
"28","Group E","Matchday 10","2026-06-20","19:00 UTC-5","CUW","Curaçao","Kansas City","Kansas City Stadium","25","2026-06-14","Houston","Houston Stadium","6","YES","NO","中","休息时间相对正常，但存在跨城市移动。","calculated_from_data_matches_csv"
"33","Group F","Matchday 10","2026-06-20","12:00 UTC-5","NED","Netherlands","Houston","Houston Stadium","31","2026-06-14","Dallas","Dallas Stadium","6","YES","NO","中","休息时间相对正常，但存在跨城市移动。","calculated_from_data_matches_csv"
"33","Group F","Matchday 10","2026-06-20","12:00 UTC-5","SWE","Sweden","Houston","Houston Stadium","32","2026-06-14","Monterrey","Estadio Monterrey","6","YES","NO","中","休息时间相对正常，但存在跨城市移动。","calculated_from_data_matches_csv"
"34","Group F","Matchday 10","2026-06-20","22:00 UTC-6","TUN","Tunisia","Monterrey","Estadio Monterrey","32","2026-06-14","Monterrey","Estadio Monterrey","6","NO","NO","低","休息时间相对正常，且未跨城市移动。","calculated_from_data_matches_csv"
"34","Group F","Matchday 10","2026-06-20","22:00 UTC-6","JPN","Japan","Monterrey","Estadio Monterrey","31","2026-06-14","Dallas","Dallas Stadium","6","YES","NO","中","休息时间相对正常，但存在跨城市移动。","calculated_from_data_matches_csv"
"39","Group G","Matchday 11","2026-06-21","12:00 UTC-7","BEL","Belgium","Los Angeles","Los Angeles Stadium","37","2026-06-15","Seattle","Seattle Stadium","6","YES","NO","中","休息时间相对正常，但存在跨城市移动。","calculated_from_data_matches_csv"
"39","Group G","Matchday 11","2026-06-21","12:00 UTC-7","IRN","Iran","Los Angeles","Los Angeles Stadium","38","2026-06-15","Los Angeles","Los Angeles Stadium","6","NO","NO","低","休息时间相对正常，且未跨城市移动。","calculated_from_data_matches_csv"
"40","Group G","Matchday 11","2026-06-21","18:00 UTC-7","NZL","New Zealand","Vancouver","BC Place Vancouver","38","2026-06-15","Los Angeles","Los Angeles Stadium","6","YES","NO","中","休息时间相对正常，但存在跨城市移动。","calculated_from_data_matches_csv"
"40","Group G","Matchday 11","2026-06-21","18:00 UTC-7","EGY","Egypt","Vancouver","BC Place Vancouver","37","2026-06-15","Seattle","Seattle Stadium","6","YES","NO","中","休息时间相对正常，但存在跨城市移动。","calculated_from_data_matches_csv"
"45","Group H","Matchday 11","2026-06-21","12:00 UTC-4","ESP","Spain","Atlanta","Atlanta Stadium","43","2026-06-15","Atlanta","Atlanta Stadium","6","NO","NO","低","休息时间相对正常，且未跨城市移动。","calculated_from_data_matches_csv"
"45","Group H","Matchday 11","2026-06-21","12:00 UTC-4","KSA","Saudi Arabia","Atlanta","Atlanta Stadium","44","2026-06-15","Miami","Miami Stadium","6","YES","NO","中","休息时间相对正常，但存在跨城市移动。","calculated_from_data_matches_csv"
"46","Group H","Matchday 11","2026-06-21","18:00 UTC-4","URU","Uruguay","Miami","Miami Stadium","44","2026-06-15","Miami","Miami Stadium","6","NO","NO","低","休息时间相对正常，且未跨城市移动。","calculated_from_data_matches_csv"
"46","Group H","Matchday 11","2026-06-21","18:00 UTC-4","CPV","Cape Verde","Miami","Miami Stadium","43","2026-06-15","Atlanta","Atlanta Stadium","6","YES","NO","中","休息时间相对正常，但存在跨城市移动。","calculated_from_data_matches_csv"
"51","Group I","Matchday 12","2026-06-22","17:00 UTC-4","FRA","France","Philadelphia","Philadelphia Stadium","49","2026-06-16","New York/New Jersey","New York New Jersey Stadium","6","YES","NO","中","休息时间相对正常，但存在跨城市移动。","calculated_from_data_matches_csv"
"51","Group I","Matchday 12","2026-06-22","17:00 UTC-4","IRQ","Iraq","Philadelphia","Philadelphia Stadium","50","2026-06-16","Boston","Boston Stadium","6","YES","NO","中","休息时间相对正常，但存在跨城市移动。","calculated_from_data_matches_csv"
"52","Group I","Matchday 12","2026-06-22","20:00 UTC-4","NOR","Norway","New York/New Jersey","New York New Jersey Stadium","50","2026-06-16","Boston","Boston Stadium","6","YES","NO","中","休息时间相对正常，但存在跨城市移动。","calculated_from_data_matches_csv"
"52","Group I","Matchday 12","2026-06-22","20:00 UTC-4","SEN","Senegal","New York/New Jersey","New York New Jersey Stadium","49","2026-06-16","New York/New Jersey","New York New Jersey Stadium","6","NO","NO","低","休息时间相对正常，且未跨城市移动。","calculated_from_data_matches_csv"
"57","Group J","Matchday 12","2026-06-22","12:00 UTC-5","ARG","Argentina","Dallas","Dallas Stadium","55","2026-06-16","Kansas City","Kansas City Stadium","6","YES","NO","中","休息时间相对正常，但存在跨城市移动。","calculated_from_data_matches_csv"
"57","Group J","Matchday 12","2026-06-22","12:00 UTC-5","AUT","Austria","Dallas","Dallas Stadium","56","2026-06-16","San Francisco Bay Area","San Francisco Bay Area Stadium","6","YES","NO","中","休息时间相对正常，但存在跨城市移动。","calculated_from_data_matches_csv"
"58","Group J","Matchday 12","2026-06-22","20:00 UTC-7","JOR","Jordan","San Francisco Bay Area","San Francisco Bay Area Stadium","56","2026-06-16","San Francisco Bay Area","San Francisco Bay Area Stadium","6","NO","NO","低","休息时间相对正常，且未跨城市移动。","calculated_from_data_matches_csv"
"58","Group J","Matchday 12","2026-06-22","20:00 UTC-7","ALG","Algeria","San Francisco Bay Area","San Francisco Bay Area Stadium","55","2026-06-16","Kansas City","Kansas City Stadium","6","YES","NO","中","休息时间相对正常，但存在跨城市移动。","calculated_from_data_matches_csv"
"63","Group K","Matchday 13","2026-06-23","12:00 UTC-5","POR","Portugal","Houston","Houston Stadium","61","2026-06-17","Houston","Houston Stadium","6","NO","NO","低","休息时间相对正常，且未跨城市移动。","calculated_from_data_matches_csv"
"63","Group K","Matchday 13","2026-06-23","12:00 UTC-5","UZB","Uzbekistan","Houston","Houston Stadium","62","2026-06-17","Mexico City","Mexico City Stadium","6","YES","NO","中","休息时间相对正常，但存在跨城市移动。","calculated_from_data_matches_csv"
"64","Group K","Matchday 13","2026-06-23","20:00 UTC-6","COL","Colombia","Guadalajara","Estadio Guadalajara","62","2026-06-17","Mexico City","Mexico City Stadium","6","YES","NO","中","休息时间相对正常，但存在跨城市移动。","calculated_from_data_matches_csv"
"64","Group K","Matchday 13","2026-06-23","20:00 UTC-6","COD","DR Congo","Guadalajara","Estadio Guadalajara","61","2026-06-17","Houston","Houston Stadium","6","YES","NO","中","休息时间相对正常，但存在跨城市移动。","calculated_from_data_matches_csv"
"69","Group L","Matchday 13","2026-06-23","16:00 UTC-4","ENG","England","Boston","Boston Stadium","67","2026-06-17","Dallas","Dallas Stadium","6","YES","NO","中","休息时间相对正常，但存在跨城市移动。","calculated_from_data_matches_csv"
"69","Group L","Matchday 13","2026-06-23","16:00 UTC-4","GHA","Ghana","Boston","Boston Stadium","68","2026-06-17","Toronto","Toronto Stadium","6","YES","NO","中","休息时间相对正常，但存在跨城市移动。","calculated_from_data_matches_csv"
"70","Group L","Matchday 13","2026-06-23","19:00 UTC-4","PAN","Panama","Toronto","Toronto Stadium","68","2026-06-17","Toronto","Toronto Stadium","6","NO","NO","低","休息时间相对正常，且未跨城市移动。","calculated_from_data_matches_csv"
"70","Group L","Matchday 13","2026-06-23","19:00 UTC-4","CRO","Croatia","Toronto","Toronto Stadium","67","2026-06-17","Dallas","Dallas Stadium","6","YES","NO","中","休息时间相对正常，但存在跨城市移动。","calculated_from_data_matches_csv"
"5","Group A","Matchday 14","2026-06-24","19:00 UTC-6","CZE","Czech Republic","Mexico City","Mexico City Stadium","3","2026-06-18","Atlanta","Atlanta Stadium","6","YES","YES","中","休息时间相对正常，但存在跨城市移动。","calculated_from_data_matches_csv"
"5","Group A","Matchday 14","2026-06-24","19:00 UTC-6","MEX","Mexico","Mexico City","Mexico City Stadium","4","2026-06-18","Guadalajara","Estadio Guadalajara","6","YES","YES","中","休息时间相对正常，但存在跨城市移动。","calculated_from_data_matches_csv"
"6","Group A","Matchday 14","2026-06-24","19:00 UTC-6","RSA","South Africa","Monterrey","Estadio Monterrey","3","2026-06-18","Atlanta","Atlanta Stadium","6","YES","YES","中","休息时间相对正常，但存在跨城市移动。","calculated_from_data_matches_csv"
"6","Group A","Matchday 14","2026-06-24","19:00 UTC-6","KOR","South Korea","Monterrey","Estadio Monterrey","4","2026-06-18","Guadalajara","Estadio Guadalajara","6","YES","YES","中","休息时间相对正常，但存在跨城市移动。","calculated_from_data_matches_csv"
"11","Group B","Matchday 14","2026-06-24","12:00 UTC-7","SUI","Switzerland","Vancouver","BC Place Vancouver","9","2026-06-18","Los Angeles","Los Angeles Stadium","6","YES","YES","中","休息时间相对正常，但存在跨城市移动。","calculated_from_data_matches_csv"
"11","Group B","Matchday 14","2026-06-24","12:00 UTC-7","CAN","Canada","Vancouver","BC Place Vancouver","10","2026-06-18","Vancouver","BC Place Vancouver","6","NO","YES","低","休息时间相对正常，且未跨城市移动。","calculated_from_data_matches_csv"
"12","Group B","Matchday 14","2026-06-24","12:00 UTC-7","BIH","Bosnia and Herzegovina","Seattle","Seattle Stadium","9","2026-06-18","Los Angeles","Los Angeles Stadium","6","YES","YES","中","休息时间相对正常，但存在跨城市移动。","calculated_from_data_matches_csv"
"12","Group B","Matchday 14","2026-06-24","12:00 UTC-7","QAT","Qatar","Seattle","Seattle Stadium","10","2026-06-18","Vancouver","BC Place Vancouver","6","YES","YES","中","休息时间相对正常，但存在跨城市移动。","calculated_from_data_matches_csv"
"17","Group C","Matchday 14","2026-06-24","18:00 UTC-4","SCO","Scotland","Miami","Miami Stadium","15","2026-06-19","Boston","Boston Stadium","5","YES","YES","中","休息时间相对正常，但存在跨城市移动。","calculated_from_data_matches_csv"
"17","Group C","Matchday 14","2026-06-24","18:00 UTC-4","BRA","Brazil","Miami","Miami Stadium","16","2026-06-19","Philadelphia","Philadelphia Stadium","5","YES","YES","中","休息时间相对正常，但存在跨城市移动。","calculated_from_data_matches_csv"
"18","Group C","Matchday 14","2026-06-24","18:00 UTC-4","MAR","Morocco","Atlanta","Atlanta Stadium","15","2026-06-19","Boston","Boston Stadium","5","YES","YES","中","休息时间相对正常，但存在跨城市移动。","calculated_from_data_matches_csv"
"18","Group C","Matchday 14","2026-06-24","18:00 UTC-4","HAI","Haiti","Atlanta","Atlanta Stadium","16","2026-06-19","Philadelphia","Philadelphia Stadium","5","YES","YES","中","休息时间相对正常，但存在跨城市移动。","calculated_from_data_matches_csv"
"23","Group D","Matchday 15","2026-06-25","19:00 UTC-7","TUR","Turkey","Los Angeles","Los Angeles Stadium","22","2026-06-19","San Francisco Bay Area","San Francisco Bay Area Stadium","6","YES","YES","中","休息时间相对正常，但存在跨城市移动。","calculated_from_data_matches_csv"
"23","Group D","Matchday 15","2026-06-25","19:00 UTC-7","USA","United States","Los Angeles","Los Angeles Stadium","21","2026-06-19","Seattle","Seattle Stadium","6","YES","YES","中","休息时间相对正常，但存在跨城市移动。","calculated_from_data_matches_csv"
"24","Group D","Matchday 15","2026-06-25","19:00 UTC-7","PAR","Paraguay","San Francisco Bay Area","San Francisco Bay Area Stadium","22","2026-06-19","San Francisco Bay Area","San Francisco Bay Area Stadium","6","NO","YES","低","休息时间相对正常，且未跨城市移动。","calculated_from_data_matches_csv"
"24","Group D","Matchday 15","2026-06-25","19:00 UTC-7","AUS","Australia","San Francisco Bay Area","San Francisco Bay Area Stadium","21","2026-06-19","Seattle","Seattle Stadium","6","YES","YES","中","休息时间相对正常，但存在跨城市移动。","calculated_from_data_matches_csv"
"29","Group E","Matchday 15","2026-06-25","16:00 UTC-4","CUW","Curaçao","Philadelphia","Philadelphia Stadium","28","2026-06-20","Kansas City","Kansas City Stadium","5","YES","YES","中","休息时间相对正常，但存在跨城市移动。","calculated_from_data_matches_csv"
"29","Group E","Matchday 15","2026-06-25","16:00 UTC-4","CIV","Ivory Coast","Philadelphia","Philadelphia Stadium","27","2026-06-20","Toronto","Toronto Stadium","5","YES","YES","中","休息时间相对正常，但存在跨城市移动。","calculated_from_data_matches_csv"
"30","Group E","Matchday 15","2026-06-25","16:00 UTC-4","ECU","Ecuador","New York/New Jersey","New York New Jersey Stadium","28","2026-06-20","Kansas City","Kansas City Stadium","5","YES","YES","中","休息时间相对正常，但存在跨城市移动。","calculated_from_data_matches_csv"
"30","Group E","Matchday 15","2026-06-25","16:00 UTC-4","GER","Germany","New York/New Jersey","New York New Jersey Stadium","27","2026-06-20","Toronto","Toronto Stadium","5","YES","YES","中","休息时间相对正常，但存在跨城市移动。","calculated_from_data_matches_csv"
"35","Group F","Matchday 15","2026-06-25","18:00 UTC-5","JPN","Japan","Dallas","Dallas Stadium","34","2026-06-20","Monterrey","Estadio Monterrey","5","YES","YES","中","休息时间相对正常，但存在跨城市移动。","calculated_from_data_matches_csv"
"35","Group F","Matchday 15","2026-06-25","18:00 UTC-5","SWE","Sweden","Dallas","Dallas Stadium","33","2026-06-20","Houston","Houston Stadium","5","YES","YES","中","休息时间相对正常，但存在跨城市移动。","calculated_from_data_matches_csv"
"36","Group F","Matchday 15","2026-06-25","18:00 UTC-5","TUN","Tunisia","Kansas City","Kansas City Stadium","34","2026-06-20","Monterrey","Estadio Monterrey","5","YES","YES","中","休息时间相对正常，但存在跨城市移动。","calculated_from_data_matches_csv"
"36","Group F","Matchday 15","2026-06-25","18:00 UTC-5","NED","Netherlands","Kansas City","Kansas City Stadium","33","2026-06-20","Houston","Houston Stadium","5","YES","YES","中","休息时间相对正常，但存在跨城市移动。","calculated_from_data_matches_csv"
"41","Group G","Matchday 16","2026-06-26","20:00 UTC-7","EGY","Egypt","Seattle","Seattle Stadium","40","2026-06-21","Vancouver","BC Place Vancouver","5","YES","YES","中","休息时间相对正常，但存在跨城市移动。","calculated_from_data_matches_csv"
"41","Group G","Matchday 16","2026-06-26","20:00 UTC-7","IRN","Iran","Seattle","Seattle Stadium","39","2026-06-21","Los Angeles","Los Angeles Stadium","5","YES","YES","中","休息时间相对正常，但存在跨城市移动。","calculated_from_data_matches_csv"
"42","Group G","Matchday 16","2026-06-26","20:00 UTC-7","NZL","New Zealand","Vancouver","BC Place Vancouver","40","2026-06-21","Vancouver","BC Place Vancouver","5","NO","YES","低","休息时间相对正常，且未跨城市移动。","calculated_from_data_matches_csv"
"42","Group G","Matchday 16","2026-06-26","20:00 UTC-7","BEL","Belgium","Vancouver","BC Place Vancouver","39","2026-06-21","Los Angeles","Los Angeles Stadium","5","YES","YES","中","休息时间相对正常，但存在跨城市移动。","calculated_from_data_matches_csv"
"47","Group H","Matchday 16","2026-06-26","19:00 UTC-5","CPV","Cape Verde","Houston","Houston Stadium","46","2026-06-21","Miami","Miami Stadium","5","YES","YES","中","休息时间相对正常，但存在跨城市移动。","calculated_from_data_matches_csv"
"47","Group H","Matchday 16","2026-06-26","19:00 UTC-5","KSA","Saudi Arabia","Houston","Houston Stadium","45","2026-06-21","Atlanta","Atlanta Stadium","5","YES","YES","中","休息时间相对正常，但存在跨城市移动。","calculated_from_data_matches_csv"
"48","Group H","Matchday 16","2026-06-26","18:00 UTC-6","URU","Uruguay","Guadalajara","Estadio Guadalajara","46","2026-06-21","Miami","Miami Stadium","5","YES","YES","中","休息时间相对正常，但存在跨城市移动。","calculated_from_data_matches_csv"
"48","Group H","Matchday 16","2026-06-26","18:00 UTC-6","ESP","Spain","Guadalajara","Estadio Guadalajara","45","2026-06-21","Atlanta","Atlanta Stadium","5","YES","YES","中","休息时间相对正常，但存在跨城市移动。","calculated_from_data_matches_csv"
"53","Group I","Matchday 16","2026-06-26","15:00 UTC-4","NOR","Norway","Boston","Boston Stadium","52","2026-06-22","New York/New Jersey","New York New Jersey Stadium","4","YES","YES","高","休息少于 5 天且跨城市移动。","calculated_from_data_matches_csv"
"53","Group I","Matchday 16","2026-06-26","15:00 UTC-4","FRA","France","Boston","Boston Stadium","51","2026-06-22","Philadelphia","Philadelphia Stadium","4","YES","YES","高","休息少于 5 天且跨城市移动。","calculated_from_data_matches_csv"
"54","Group I","Matchday 16","2026-06-26","15:00 UTC-4","SEN","Senegal","Toronto","Toronto Stadium","52","2026-06-22","New York/New Jersey","New York New Jersey Stadium","4","YES","YES","高","休息少于 5 天且跨城市移动。","calculated_from_data_matches_csv"
"54","Group I","Matchday 16","2026-06-26","15:00 UTC-4","IRQ","Iraq","Toronto","Toronto Stadium","51","2026-06-22","Philadelphia","Philadelphia Stadium","4","YES","YES","高","休息少于 5 天且跨城市移动。","calculated_from_data_matches_csv"
"59","Group J","Matchday 17","2026-06-27","21:00 UTC-5","ALG","Algeria","Kansas City","Kansas City Stadium","58","2026-06-22","San Francisco Bay Area","San Francisco Bay Area Stadium","5","YES","YES","中","休息时间相对正常，但存在跨城市移动。","calculated_from_data_matches_csv"
"59","Group J","Matchday 17","2026-06-27","21:00 UTC-5","AUT","Austria","Kansas City","Kansas City Stadium","57","2026-06-22","Dallas","Dallas Stadium","5","YES","YES","中","休息时间相对正常，但存在跨城市移动。","calculated_from_data_matches_csv"
"60","Group J","Matchday 17","2026-06-27","21:00 UTC-5","JOR","Jordan","Dallas","Dallas Stadium","58","2026-06-22","San Francisco Bay Area","San Francisco Bay Area Stadium","5","YES","YES","中","休息时间相对正常，但存在跨城市移动。","calculated_from_data_matches_csv"
"60","Group J","Matchday 17","2026-06-27","21:00 UTC-5","ARG","Argentina","Dallas","Dallas Stadium","57","2026-06-22","Dallas","Dallas Stadium","5","NO","YES","低","休息时间相对正常，且未跨城市移动。","calculated_from_data_matches_csv"
"65","Group K","Matchday 17","2026-06-27","19:30 UTC-4","COL","Colombia","Miami","Miami Stadium","64","2026-06-23","Guadalajara","Estadio Guadalajara","4","YES","YES","高","休息少于 5 天且跨城市移动。","calculated_from_data_matches_csv"
"65","Group K","Matchday 17","2026-06-27","19:30 UTC-4","POR","Portugal","Miami","Miami Stadium","63","2026-06-23","Houston","Houston Stadium","4","YES","YES","高","休息少于 5 天且跨城市移动。","calculated_from_data_matches_csv"
"66","Group K","Matchday 17","2026-06-27","19:30 UTC-4","COD","DR Congo","Atlanta","Atlanta Stadium","64","2026-06-23","Guadalajara","Estadio Guadalajara","4","YES","YES","高","休息少于 5 天且跨城市移动。","calculated_from_data_matches_csv"
"66","Group K","Matchday 17","2026-06-27","19:30 UTC-4","UZB","Uzbekistan","Atlanta","Atlanta Stadium","63","2026-06-23","Houston","Houston Stadium","4","YES","YES","高","休息少于 5 天且跨城市移动。","calculated_from_data_matches_csv"
"71","Group L","Matchday 17","2026-06-27","17:00 UTC-4","PAN","Panama","New York/New Jersey","New York New Jersey Stadium","70","2026-06-23","Toronto","Toronto Stadium","4","YES","YES","高","休息少于 5 天且跨城市移动。","calculated_from_data_matches_csv"
"71","Group L","Matchday 17","2026-06-27","17:00 UTC-4","ENG","England","New York/New Jersey","New York New Jersey Stadium","69","2026-06-23","Boston","Boston Stadium","4","YES","YES","高","休息少于 5 天且跨城市移动。","calculated_from_data_matches_csv"
"72","Group L","Matchday 17","2026-06-27","17:00 UTC-4","CRO","Croatia","Philadelphia","Philadelphia Stadium","70","2026-06-23","Toronto","Toronto Stadium","4","YES","YES","高","休息少于 5 天且跨城市移动。","calculated_from_data_matches_csv"
"72","Group L","Matchday 17","2026-06-27","17:00 UTC-4","GHA","Ghana","Philadelphia","Philadelphia Stadium","69","2026-06-23","Boston","Boston Stadium","4","YES","YES","高","休息少于 5 天且跨城市移动。","calculated_from_data_matches_csv"
