team_code,date,opponent_name,opponent_code,team_score,opponent_score,result
MEX,2026-03-31,Belgium,BEL,1,1,D
MEX,2026-03-28,Portugal,POR,0,0,D
MEX,2026-02-25,Iceland,,4,0,W
MEX,2026-01-25,Bolivia,,1,0,W
MEX,2026-01-22,Panama,PAN,1,0,W
RSA,2026-03-31,Panama,PAN,1,2,L
RSA,2026-03-27,Panama,PAN,1,1,D
RSA,2026-01-04,Cameroon,,1,2,L
RSA,2025-12-29,Zimbabwe,,3,2,W
RSA,2025-12-26,Egypt,EGY,0,1,L
KOR,2026-03-31,Austria,AUT,0,1,L
KOR,2026-03-28,Ivory Coast,CIV,0,4,L
KOR,2025-11-18,Ghana,GHA,1,0,W
KOR,2025-11-14,Bolivia,,2,0,W
KOR,2025-10-14,Paraguay,PAR,2,0,W
CZE,2026-03-31,Denmark,,2,2,D
CZE,2026-03-26,Republic of Ireland,,2,2,D
CZE,2025-11-17,Gibraltar,,6,0,W
CZE,2025-11-13,San Marino,,1,0,W
CZE,2025-10-12,Faroe Islands,,1,2,L
CAN,2026-03-31,Tunisia,TUN,0,0,D
CAN,2026-03-28,Iceland,,2,2,D
CAN,2025-11-18,Venezuela,,2,0,W
CAN,2025-11-13,Ecuador,ECU,0,0,D
CAN,2025-10-14,Colombia,COL,0,0,D
BIH,2026-03-31,Italy,,1,1,D
BIH,2026-03-26,Wales,,1,1,D
BIH,2025-11-18,Austria,AUT,1,1,D
BIH,2025-11-15,Romania,,3,1,W
BIH,2025-10-12,Malta,,4,1,W
QAT,2025-12-07,Tunisia,TUN,0,3,L
QAT,2025-12-04,Syria,,1,1,D
QAT,2025-12-01,Palestine,,0,1,L
QAT,2025-11-17,Zimbabwe,,1,2,L
QAT,2025-10-14,United Arab Emirates,,2,1,W
SUI,2026-03-31,Norway,NOR,0,0,D
SUI,2026-03-27,Germany,GER,3,4,L
SUI,2025-11-18,Kosovo,,1,1,D
SUI,2025-11-15,Sweden,,4,1,W
SUI,2025-10-13,Slovenia,,0,0,D
BRA,2026-03-31,Croatia,CRO,3,1,W
BRA,2026-03-26,France,FRA,1,2,L
BRA,2025-11-18,Tunisia,TUN,1,1,D
BRA,2025-11-15,Senegal,SEN,2,0,W
BRA,2025-10-14,Japan,JPN,2,3,L
MAR,2026-03-31,Paraguay,PAR,2,1,W
MAR,2026-03-27,Ecuador,ECU,1,1,D
MAR,2026-01-18,Senegal,SEN,3,0,W
MAR,2026-01-14,Nigeria,,0,0,D
MAR,2026-01-09,Cameroon,,2,0,W
HAI,2026-03-31,Iceland,,1,1,D
HAI,2026-03-28,Tunisia,TUN,0,1,L
HAI,2025-11-18,Nicaragua,,2,0,W
HAI,2025-11-13,Costa Rica,,1,0,W
HAI,2025-10-13,Honduras,,0,3,L
SCO,2026-03-31,Ivory Coast,CIV,0,1,L
SCO,2026-03-28,Japan,JPN,0,1,L
SCO,2025-11-18,Denmark,,4,2,W
SCO,2025-11-15,Greece,,2,3,L
SCO,2025-10-12,Belarus,,2,1,W
USA,2026-03-31,Portugal,POR,0,2,L
USA,2026-03-28,Belgium,BEL,2,5,L
USA,2025-11-18,Uruguay,URU,5,1,W
USA,2025-11-15,Paraguay,PAR,2,1,W
USA,2025-10-14,Australia,AUS,2,1,W
PAR,2026-03-31,Morocco,MAR,1,2,L
PAR,2026-03-27,Greece,,1,0,W
PAR,2025-11-18,Mexico,MEX,2,1,W
PAR,2025-11-15,United States,USA,1,2,L
PAR,2025-10-14,South Korea,KOR,0,2,L
AUS,2026-03-31,Curaçao,CUW,5,1,W
AUS,2026-03-27,Cameroon,,1,0,W
AUS,2025-11-18,Colombia,COL,0,3,L
AUS,2025-11-14,Venezuela,,0,1,L
AUS,2025-10-14,United States,USA,1,2,L
TUR,2026-03-31,Kosovo,,1,0,W
TUR,2026-03-26,Romania,,1,0,W
TUR,2025-11-18,Spain,ESP,2,2,D
TUR,2025-11-15,Bulgaria,,2,0,W
TUR,2025-10-14,Georgia,,4,1,W
GER,2026-03-30,Ghana,GHA,2,1,W
GER,2026-03-27,Switzerland,SUI,4,3,W
GER,2025-11-17,Slovakia,,6,0,W
GER,2025-11-14,Luxembourg,,2,0,W
GER,2025-10-13,Northern Ireland,,1,0,W
CUW,2026-03-31,Australia,AUS,1,5,L
CUW,2026-03-27,China PR,,0,2,L
CUW,2025-11-18,Jamaica,,0,0,D
CUW,2025-11-13,Bermuda,,7,0,W
CUW,2025-10-14,Trinidad and Tobago,,1,1,D
CIV,2026-03-31,Scotland,SCO,1,0,W
CIV,2026-03-28,South Korea,KOR,4,0,W
CIV,2026-01-10,Egypt,EGY,2,3,L
CIV,2026-01-06,Burkina Faso,,3,0,W
CIV,2025-12-31,Gabon,,3,2,W
ECU,2026-03-31,Netherlands,NED,1,1,D
ECU,2026-03-27,Morocco,MAR,1,1,D
ECU,2025-11-18,New Zealand,NZL,2,0,W
ECU,2025-11-13,Canada,CAN,0,0,D
ECU,2025-10-14,Mexico,MEX,1,1,D
NED,2026-03-31,Ecuador,ECU,1,1,D
NED,2026-03-27,Norway,NOR,2,1,W
NED,2025-11-17,Lithuania,,4,0,W
NED,2025-11-14,Poland,,1,1,D
NED,2025-10-12,Finland,,4,0,W
JPN,2026-03-31,England,ENG,1,0,W
JPN,2026-03-28,Scotland,SCO,1,0,W
JPN,2025-11-18,Bolivia,,3,0,W
JPN,2025-11-14,Ghana,GHA,2,0,W
JPN,2025-10-14,Brazil,BRA,3,2,W
TUN,2026-03-31,Canada,CAN,0,0,D
TUN,2026-03-28,Haiti,HAI,1,0,W
TUN,2026-01-03,Mali,,1,1,D
TUN,2025-12-30,Tanzania,,1,1,D
TUN,2025-12-27,Nigeria,,2,3,L
UEFA_PLAYOFF_B,TBD,TBD,,,,D
UEFA_PLAYOFF_B,TBD,TBD,,,,D
UEFA_PLAYOFF_B,TBD,TBD,,,,D
UEFA_PLAYOFF_B,TBD,TBD,,,,D
UEFA_PLAYOFF_B,TBD,TBD,,,,D
BEL,2026-03-31,Mexico,MEX,1,1,D
BEL,2026-03-28,United States,USA,5,2,W
BEL,2025-11-18,Liechtenstein,,7,0,W
BEL,2025-11-15,Kazakhstan,,1,1,D
BEL,2025-10-13,Wales,,4,2,W
IRN,2026-03-31,Costa Rica,,5,0,W
IRN,2026-03-27,Nigeria,,1,2,L
IRN,2025-11-18,Uzbekistan,UZB,0,0,D
IRN,2025-11-13,Cape Verde,CPV,0,0,D
IRN,2025-10-14,Tanzania,,2,0,W
EGY,2026-03-31,Spain,ESP,0,0,D
EGY,2026-03-27,Saudi Arabia,KSA,4,0,W
EGY,2026-01-17,Nigeria,,0,0,D
EGY,2026-01-14,Senegal,SEN,0,1,L
EGY,2026-01-10,Ivory Coast,CIV,3,2,W
NZL,2026-03-30,Chile,,4,1,W
NZL,2026-03-27,Finland,,0,2,L
NZL,2025-11-18,Ecuador,ECU,0,2,L
NZL,2025-11-15,Colombia,COL,1,2,L
NZL,2025-10-14,Norway,NOR,1,1,D
ESP,2026-03-31,Egypt,EGY,0,0,D
ESP,2026-03-27,Serbia,,3,0,W
ESP,2025-11-18,Turkey,TUR,2,2,D
ESP,2025-11-15,Georgia,,4,0,W
ESP,2025-10-14,Bulgaria,,4,0,W
URU,2026-03-31,Algeria,ALG,0,0,D
URU,2026-03-27,England,ENG,1,1,D
URU,2025-11-18,United States,USA,1,5,L
URU,2025-11-15,Mexico,MEX,0,0,D
URU,2025-10-13,Uzbekistan,UZB,2,1,W
KSA,2026-03-31,Serbia,,1,2,L
KSA,2026-03-27,Egypt,EGY,0,4,L
KSA,2025-12-15,Jordan,JOR,0,1,L
KSA,2025-12-11,Palestine,,2,1,W
KSA,2025-12-08,Morocco,MAR,0,1,L
CPV,2026-03-30,Finland,,1,1,D
CPV,2026-03-27,Chile,,2,4,L
CPV,2025-11-17,Egypt,EGY,1,1,D
CPV,2025-11-13,Iran,IRN,0,0,D
CPV,2025-10-13,Eswatini,,3,0,W
FRA,2026-03-29,Colombia,COL,3,1,W
FRA,2026-03-26,Brazil,BRA,2,1,W
FRA,2025-11-16,Azerbaijan,,3,1,W
FRA,2025-11-13,Ukraine,,4,0,W
FRA,2025-10-13,Iceland,,2,2,D
SEN,2026-03-31,Gambia,,3,1,W
SEN,2026-03-28,Peru,,2,0,W
SEN,2026-01-18,Morocco,MAR,0,3,L
SEN,2026-01-14,Egypt,EGY,1,0,W
SEN,2026-01-09,Mali,,1,0,W
NOR,2026-03-31,Switzerland,SUI,0,0,D
NOR,2026-03-27,Netherlands,NED,1,2,L
NOR,2025-11-16,Italy,,4,1,W
NOR,2025-11-13,Estonia,,4,1,W
NOR,2025-10-14,New Zealand,NZL,1,1,D
FIFA_PLAYOFF_2,TBD,TBD,,,,D
FIFA_PLAYOFF_2,TBD,TBD,,,,D
FIFA_PLAYOFF_2,TBD,TBD,,,,D
FIFA_PLAYOFF_2,TBD,TBD,,,,D
FIFA_PLAYOFF_2,TBD,TBD,,,,D
ARG,2026-03-31,Zambia,,5,0,W
ARG,2026-03-27,Mauritania,,2,1,W
ARG,2025-11-14,Angola,,2,0,W
ARG,2025-10-14,Puerto Rico,,6,0,W
ARG,2025-10-10,Venezuela,,1,0,W
AUT,2026-03-31,South Korea,KOR,1,0,W
AUT,2026-03-27,Ghana,GHA,5,1,W
AUT,2025-11-18,Bosnia and Herzegovina,BIH,1,1,D
AUT,2025-11-15,Cyprus,,2,0,W
AUT,2025-10-12,Romania,,0,1,L
ALG,2026-03-31,Uruguay,URU,0,0,D
ALG,2026-03-27,Guatemala,,7,0,W
ALG,2026-01-10,Nigeria,,0,2,L
ALG,2026-01-06,DR Congo,,1,0,W
ALG,2025-12-31,Equatorial Guinea,,3,1,W
JOR,2026-03-31,Nigeria,,2,2,D
JOR,2026-03-27,Costa Rica,,2,2,D
JOR,2025-12-18,Morocco,MAR,2,3,L
JOR,2025-12-15,Saudi Arabia,KSA,1,0,W
JOR,2025-12-12,Iraq,,1,0,W
POR,2026-03-31,United States,USA,2,0,W
POR,2026-03-28,Mexico,MEX,0,0,D
POR,2025-11-16,Armenia,,9,1,W
POR,2025-11-13,Republic of Ireland,,0,2,L
POR,2025-10-14,Hungary,,2,2,D
COL,2026-03-29,France,FRA,1,3,L
COL,2026-03-26,Croatia,CRO,1,2,L
COL,2025-11-18,Australia,AUS,3,0,W
COL,2025-11-15,New Zealand,NZL,2,1,W
COL,2025-10-14,Canada,CAN,0,0,D
UZB,2026-03-30,Venezuela,,0,0,D
UZB,2026-03-27,Gabon,,3,1,W
UZB,2026-01-26,China PR,,2,2,D
UZB,2025-11-18,Iran,IRN,0,0,D
UZB,2025-11-14,Egypt,EGY,2,0,W
FIFA_PLAYOFF_1,TBD,TBD,,,,D
FIFA_PLAYOFF_1,TBD,TBD,,,,D
FIFA_PLAYOFF_1,TBD,TBD,,,,D
FIFA_PLAYOFF_1,TBD,TBD,,,,D
FIFA_PLAYOFF_1,TBD,TBD,,,,D
ENG,2026-03-31,Japan,JPN,0,1,L
ENG,2026-03-27,Uruguay,URU,1,1,D
ENG,2025-11-16,Albania,,2,0,W
ENG,2025-11-13,Serbia,,2,0,W
ENG,2025-10-14,Latvia,,5,0,W
CRO,2026-03-31,Brazil,BRA,1,3,L
CRO,2026-03-26,Colombia,COL,2,1,W
CRO,2025-11-17,Montenegro,,3,2,W
CRO,2025-11-14,Faroe Islands,,3,1,W
CRO,2025-10-12,Gibraltar,,3,0,W
GHA,2026-03-30,Germany,GER,1,2,L
GHA,2026-03-27,Austria,AUT,1,5,L
GHA,2025-11-18,South Korea,KOR,0,1,L
GHA,2025-11-14,Japan,JPN,0,2,L
GHA,2025-10-12,Comoros,,1,0,W
PAN,2026-03-31,South Africa,RSA,2,1,W
PAN,2026-03-27,South Africa,RSA,1,1,D
PAN,2026-01-22,Mexico,MEX,0,1,L
PAN,2026-01-18,Bolivia,,1,1,D
PAN,2025-11-18,El Salvador,,3,0,W