fixture_id,date,team,opponent,shots_on_goal,shots_off_goal,total_shots,blocked_shots,shots_insidebox,shots_outsidebox,fouls,corner_kicks,offsides,ball_possession,yellow_cards,red_cards,goalkeeper_saves,total_passes,passes_accurate,passes_pct
"871852","2022-11-26T10:00:00+00:00","Tunisia","Australia","4","4","14","6","9","5","16","5","3","58%","3","","1","497","378","76%"
"871852","2022-11-26T10:00:00+00:00","Australia","Tunisia","2","5","9","2","6","3","15","2","0","42%","0","","4","351","239","68%"
"855750","2022-11-26T13:00:00+00:00","Poland","Saudi Arabia","3","4","9","2","9","0","18","4","","36%","3","","5","297","228","77%"
"855750","2022-11-26T13:00:00+00:00","Saudi Arabia","Poland","5","8","16","3","9","7","15","5","","64%","2","","1","537","456","85%"
"855751","2022-11-26T16:00:00+00:00","France","Denmark","7","6","21","8","16","5","4","6","1","49%","1","","1","491","421","86%"
"855751","2022-11-26T16:00:00+00:00","Denmark","France","2","6","10","2","5","5","9","4","1","51%","2","","4","528","456","86%"
"855752","2022-11-26T19:00:00+00:00","Argentina","Mexico","2","3","5","0","2","3","15","4","2","59%","1","","1","528","446","84%"
"855752","2022-11-26T19:00:00+00:00","Mexico","Argentina","1","2","4","1","1","3","19","2","4","41%","4","","0","370","284","77%"
"871853","2022-11-27T10:00:00+00:00","Japan","Costa Rica","3","3","13","7","6","7","22","5","0","57%","3","","0","582","505","87%"
"871853","2022-11-27T10:00:00+00:00","Costa Rica","Japan","1","2","4","1","1","3","9","0","2","43%","3","","3","443","353","80%"
"855753","2022-11-27T13:00:00+00:00","Belgium","Morocco","3","5","10","2","5","5","10","9","3","67%","1","","2","652","577","88%"
"855753","2022-11-27T13:00:00+00:00","Morocco","Belgium","4","6","10","0","6","4","14","1","3","33%","1","","3","328","274","84%"
"855754","2022-11-27T16:00:00+00:00","Croatia","Canada","10","3","13","0","9","4","13","5","1","48%","2","","1","443","372","84%"
"855754","2022-11-27T16:00:00+00:00","Canada","Croatia","2","3","8","3","1","7","5","2","3","52%","2","","6","473","399","84%"
"855755","2022-11-27T19:00:00+00:00","Spain","Germany","3","2","7","2","3","4","13","6","2","64%","1","","3","634","542","85%"
"855755","2022-11-27T19:00:00+00:00","Germany","Spain","4","4","11","3","8","3","11","5","5","36%","3","","2","344","271","79%"
"855756","2022-11-28T10:00:00+00:00","Cameroon","Serbia","8","2","13","3","9","4","8","4","0","41%","2","","2","340","244","72%"
"855756","2022-11-28T10:00:00+00:00","Serbia","Cameroon","5","8","15","2","10","5","13","3","4","59%","2","","5","503","409","81%"
"855757","2022-11-28T13:00:00+00:00","South Korea","Ghana","7","5","22","10","16","6","13","12","1","63%","2","","0","528","455","86%"
"855757","2022-11-28T13:00:00+00:00","Ghana","South Korea","3","4","7","0","6","1","9","5","1","37%","2","","4","320","254","79%"
"855758","2022-11-28T16:00:00+00:00","Brazil","Switzerland","5","3","13","5","10","3","10","8","3","54%","1","","0","550","483","88%"
"855758","2022-11-28T16:00:00+00:00","Switzerland","Brazil","0","2","6","4","4","2","17","3","1","46%","1","","4","482","404","84%"
"855759","2022-11-28T19:00:00+00:00","Portugal","Uruguay","3","6","15","6","4","11","10","6","3","60%","3","","3","603","501","83%"
"855759","2022-11-28T19:00:00+00:00","Uruguay","Portugal","3","6","11","2","7","4","16","2","0","40%","2","","1","403","295","73%"
"855760","2022-11-29T15:00:00+00:00","Netherlands","Qatar","4","6","13","3","10","3","19","4","5","63%","1","","3","783","718","92%"
"855760","2022-11-29T15:00:00+00:00","Qatar","Netherlands","3","2","5","0","1","4","9","2","0","37%","0","","2","452","371","82%"
"855761","2022-11-29T15:00:00+00:00","Ecuador","Senegal","4","3","9","2","6","3","23","3","0","61%","0","","1","434","336","77%"
"855761","2022-11-29T15:00:00+00:00","Senegal","Ecuador","3","7","14","4","10","4","11","6","3","39%","1","","3","267","181","68%"
"855762","2022-11-29T19:00:00+00:00","Iran","USA","1","3","4","0","3","1","14","1","2","49%","3","","4","466","361","77%"
"855762","2022-11-29T19:00:00+00:00","USA","Iran","5","4","12","3","8","4","10","5","1","51%","1","","0","474","397","84%"
"866683","2022-11-29T19:00:00+00:00","Wales","England","1","3","7","3","1","6","16","1","1","35%","2","","4","329","257","78%"
"866683","2022-11-29T19:00:00+00:00","England","Wales","7","6","18","5","14","4","9","6","1","65%","0","","1","594","525","88%"
"871854","2022-11-30T15:00:00+00:00","Australia","Denmark","4","2","8","2","4","4","11","2","1","31%","2","","3","304","195","64%"
"871854","2022-11-30T15:00:00+00:00","Denmark","Australia","3","5","13","5","11","2","10","6","3","69%","1","","3","664","548","83%"
"855763","2022-11-30T15:00:00+00:00","Tunisia","France","3","2","5","0","3","2","14","7","3","34%","1","","3","312","243","78%"
"855763","2022-11-30T15:00:00+00:00","France","Tunisia","3","3","10","4","5","5","6","8","2","66%","0","","2","622","534","86%"
"855765","2022-11-30T19:00:00+00:00","Saudi Arabia","Mexico","2","7","10","1","7","3","20","1","2","39%","6","","8","287","166","58%"
"855765","2022-11-30T19:00:00+00:00","Mexico","Saudi Arabia","11","7","26","8","10","16","18","8","6","61%","1","","1","426","320","75%"
"855764","2022-11-30T19:00:00+00:00","Poland","Argentina","0","2","4","2","2","2","6","1","0","27%","1","","9","317","245","77%"
"855764","2022-11-30T19:00:00+00:00","Argentina","Poland","12","7","23","4","20","3","11","9","1","73%","1","","0","868","800","92%"
"855766","2022-12-01T15:00:00+00:00","Croatia","Belgium","4","6","11","1","7","4","7","2","4","48%","0","","3","554","471","85%"
"855766","2022-12-01T15:00:00+00:00","Belgium","Croatia","3","8","16","5","13","3","9","4","0","52%","1","","4","593","521","88%"
"855767","2022-12-01T15:00:00+00:00","Canada","Morocco","0","4","5","1","4","1","14","6","4","59%","4","","","524","453","86%"
"855767","2022-12-01T15:00:00+00:00","Morocco","Canada","2","2","6","2","3","3","14","2","4","41%","0","","","373","295","79%"
"855768","2022-12-01T19:00:00+00:00","Japan","Spain","3","2","6","1","4","2","9","0","2","18%","3","","4","228","153","67%"
"855768","2022-12-01T19:00:00+00:00","Spain","Japan","5","2","12","5","6","6","6","2","2","82%","0","","1","1058","969","92%"
"871855","2022-12-01T19:00:00+00:00","Costa Rica","Germany","5","1","7","1","5","2","3","1","4","32%","1","","7","337","252","75%"
"871855","2022-12-01T19:00:00+00:00","Germany","Costa Rica","11","15","32","6","24","8","9","14","3","68%","0","","4","713","638","89%"
"855769","2022-12-02T15:00:00+00:00","South Korea","Portugal","6","2","13","5","7","6","9","5","1","39%","2","","5","357","281","79%"
"855769","2022-12-02T15:00:00+00:00","Portugal","South Korea","6","3","13","4","7","6","10","4","5","61%","0","","4","574","503","88%"
"855770","2022-12-02T15:00:00+00:00","Ghana","Uruguay","4","3","10","3","5","5","18","5","2","51%","2","","4","432","344","80%"
"855770","2022-12-02T15:00:00+00:00","Uruguay","Ghana","7","5","12","0","7","5","11","2","2","49%","5","","4","433","335","77%"
"855772","2022-12-02T19:00:00+00:00","Serbia","Switzerland","4","6","12","2","11","1","18","2","","54%","7","","4","466","363","78%"
"855772","2022-12-02T19:00:00+00:00","Switzerland","Serbia","7","4","14","3","10","4","14","0","","46%","4","","2","415","319","77%"
"855771","2022-12-02T19:00:00+00:00","Cameroon","Brazil","3","3","7","1","5","2","14","3","0","35%","5","1","7","299","231","77%"
"855771","2022-12-02T19:00:00+00:00","Brazil","Cameroon","7","11","21","3","16","5","14","11","1","65%","2","0","2","541","475","88%"
"976533","2022-12-03T15:00:00+00:00","Netherlands","USA","6","4","11","1","7","4","10","4","0","42%","2","","5","414","315","76%"
"976533","2022-12-03T15:00:00+00:00","USA","Netherlands","8","5","17","4","11","6","5","5","3","58%","0","","4","569","473","83%"
"976642","2022-12-03T19:00:00+00:00","Argentina","Australia","5","7","14","2","11","3","8","1","3","61%","0","","1","695","610","88%"
"976642","2022-12-03T19:00:00+00:00","Australia","Argentina","1","2","5","2","3","2","15","3","0","39%","2","","3","435","359","83%"
"976643","2022-12-04T15:00:00+00:00","France","Poland","8","5","16","3","10","6","10","7","3","55%","1","","1","551","476","86%"
"976643","2022-12-04T15:00:00+00:00","Poland","France","3","4","12","5","9","3","8","1","1","45%","2","","5","456","377","83%"
"976534","2022-12-04T19:00:00+00:00","England","Senegal","4","4","8","0","7","1","16","3","","61%","0","","1","589","505","86%"
"976534","2022-12-04T19:00:00+00:00","Senegal","England","1","5","10","4","4","6","12","3","","39%","1","","1","369","296","80%"
"977344","2022-12-05T15:00:00+00:00","Japan","Croatia","4","5","13","4","5","8","13","8","3","42%","0","","3","524","394","75%"
"977344","2022-12-05T15:00:00+00:00","Croatia","Japan","4","6","17","7","9","8","16","5","0","58%","2","","3","725","608","84%"
"977705","2022-12-05T19:00:00+00:00","Brazil","South Korea","9","7","18","2","14","4","8","5","0","53%","0","","5","609","544","89%"
"977705","2022-12-05T19:00:00+00:00","South Korea","Brazil","6","2","8","0","4","4","13","4","5","47%","1","","5","530","458","86%"
"977345","2022-12-06T15:00:00+00:00","Morocco","Spain","2","4","6","0","3","3","15","0","5","23%","1","","1","305","216","71%"
"977345","2022-12-06T15:00:00+00:00","Spain","Morocco","1","7","13","5","9","4","14","8","4","77%","1","","2","1019","926","91%"
"977706","2022-12-06T19:00:00+00:00","Portugal","Switzerland","9","3","15","3","11","4","12","6","3","48%","0","","1","449","372","83%"
"977706","2022-12-06T19:00:00+00:00","Switzerland","Portugal","3","3","10","4","5","5","10","6","3","52%","2","","3","488","412","84%"
"978072","2022-12-09T15:00:00+00:00","Croatia","Brazil","1","5","9","3","5","4","22","3","3","51%","2","","11","694","613","88%"
"978072","2022-12-09T15:00:00+00:00","Brazil","Croatia","11","3","21","7","15","6","24","7","3","49%","3","","0","684","609","89%"
"977794","2022-12-09T19:00:00+00:00","Netherlands","Argentina","2","1","6","3","4","2","30","2","1","52%","8","1","3","634","529","83%"
"977794","2022-12-09T19:00:00+00:00","Argentina","Netherlands","5","5","14","4","5","9","18","8","2","48%","8","0","0","602","499","83%"
"978088","2022-12-10T15:00:00+00:00","Morocco","Portugal","3","6","9","0","5","4","15","3","2","27%","3","1","3","247","176","71%"
"978088","2022-12-10T15:00:00+00:00","Portugal","Morocco","3","6","12","3","8","4","9","9","2","73%","1","0","2","663","567","86%"
"978036","2022-12-10T19:00:00+00:00","England","France","8","4","16","4","8","8","10","5","1","57%","1","","3","503","441","88%"
"978036","2022-12-10T19:00:00+00:00","France","England","5","2","8","1","5","3","14","2","2","43%","3","","6","377","306","81%"
"978279","2022-12-13T19:00:00+00:00","Argentina","Croatia","7","1","9","1","6","3","15","2","1","39%","2","","3","399","333","83%"
"978279","2022-12-13T19:00:00+00:00","Croatia","Argentina","2","7","12","3","6","6","8","4","0","61%","2","","4","608","532","88%"
"978488","2022-12-14T19:00:00+00:00","France","Morocco","3","6","14","5","12","2","10","2","4","39%","0","","2","363","293","81%"
"978488","2022-12-14T19:00:00+00:00","Morocco","France","3","5","13","5","8","5","11","3","3","61%","1","","0","575","499","87%"
"979138","2022-12-17T15:00:00+00:00","Croatia","Morocco","4","5","12","3","5","7","13","6","2","51%","0","","1","487","411","84%"
"979138","2022-12-17T15:00:00+00:00","Morocco","Croatia","2","5","9","2","7","2","11","3","2","49%","2","","2","472","403","85%"
"979139","2022-12-18T15:00:00+00:00","Argentina","France","10","7","20","3","12","8","26","6","4","54%","5","","2","635","525","83%"
"979139","2022-12-18T15:00:00+00:00","France","Argentina","5","2","10","3","7","3","19","5","4","46%","3","","7","532","409","77%"
"855736","2022-11-20T16:00:00+00:00","Qatar","Ecuador","0","5","5","0","2","3","15","1","3","47%","4","","1","434","351","81%"
"855736","2022-11-20T16:00:00+00:00","Ecuador","Qatar","3","3","6","0","3","3","15","3","4","53%","2","","0","486","412","85%"
"855735","2022-11-21T13:00:00+00:00","England","Iran","7","2","13","4","10","3","9","8","2","78%","0","","1","797","716","90%"
"855735","2022-11-21T13:00:00+00:00","Iran","England","3","4","8","1","6","2","14","0","2","22%","2","","1","215","142","66%"
"855734","2022-11-21T16:00:00+00:00","Senegal","Netherlands","4","7","15","4","8","7","13","6","2","47%","2","","1","385","307","80%"
"855734","2022-11-21T16:00:00+00:00","Netherlands","Senegal","3","4","10","3","6","4","13","7","1","53%","1","","4","436","355","81%"
"866681","2022-11-21T19:00:00+00:00","USA","Wales","1","4","6","1","4","2","15","5","1","59%","4","","2","567","495","87%"
"866681","2022-11-21T19:00:00+00:00","Wales","USA","3","3","7","1","5","2","10","3","1","41%","2","","1","403","308","76%"
"855737","2022-11-22T10:00:00+00:00","Argentina","Saudi Arabia","6","6","15","3","11","4","7","9","10","69%","0","","0","596","508","85%"
"855737","2022-11-22T10:00:00+00:00","Saudi Arabia","Argentina","2","0","3","1","3","0","21","2","1","31%","6","","5","266","181","68%"
"855738","2022-11-22T13:00:00+00:00","Denmark","Tunisia","5","3","11","3","7","4","9","11","1","61%","2","","1","595","501","84%"
"855738","2022-11-22T13:00:00+00:00","Tunisia","Denmark","1","5","13","7","8","5","10","9","1","39%","1","","5","374","280","75%"
"855739","2022-11-22T16:00:00+00:00","Mexico","Poland","4","4","11","3","7","4","14","6","3","61%","2","","2","488","407","83%"
"855739","2022-11-22T16:00:00+00:00","Poland","Mexico","2","3","6","1","5","1","15","5","0","39%","1","","4","322","228","71%"
"871850","2022-11-22T19:00:00+00:00","France","Australia","7","10","23","6","19","4","5","8","","62%","0","","0","723","646","89%"
"871850","2022-11-22T19:00:00+00:00","Australia","France","1","3","4","0","2","2","11","1","","38%","3","","2","440","368","84%"
"855740","2022-11-23T10:00:00+00:00","Morocco","Croatia","2","0","8","6","3","5","16","0","0","35%","1","","1","348","273","78%"
"855740","2022-11-23T10:00:00+00:00","Croatia","Morocco","2","2","5","1","3","2","11","5","1","65%","0","","2","642","551","86%"
"855741","2022-11-23T13:00:00+00:00","Germany","Japan","9","11","26","6","16","10","6","6","4","74%","","","2","771","686","89%"
"855741","2022-11-23T13:00:00+00:00","Japan","Germany","4","4","12","4","12","0","14","6","4","26%","","","8","269","190","71%"
"871851","2022-11-23T16:00:00+00:00","Spain","Costa Rica","8","7","17","2","13","4","8","5","3","82%","0","","0","1045","978","94%"
"871851","2022-11-23T16:00:00+00:00","Costa Rica","Spain","0","0","0","0","0","0","12","0","7","18%","2","","1","230","165","72%"
"855742","2022-11-23T19:00:00+00:00","Belgium","Canada","3","3","9","3","6","3","11","4","0","54%","3","","3","520","432","83%"
"855742","2022-11-23T19:00:00+00:00","Canada","Belgium","3","11","22","8","18","4","14","4","1","46%","2","","2","429","353","82%"
"855743","2022-11-24T10:00:00+00:00","Switzerland","Cameroon","3","3","7","1","5","2","12","11","2","51%","2","","5","514","432","84%"
"855743","2022-11-24T10:00:00+00:00","Cameroon","Switzerland","5","2","8","1","7","1","10","5","2","49%","1","","2","494","420","85%"
"855744","2022-11-24T13:00:00+00:00","Uruguay","South Korea","1","7","10","2","6","4","7","4","1","56%","1","","0","548","448","82%"
"855744","2022-11-24T13:00:00+00:00","South Korea","Uruguay","0","6","7","1","2","5","10","3","0","44%","1","","1","418","326","78%"
"855745","2022-11-24T16:00:00+00:00","Portugal","Ghana","5","3","11","3","7","4","14","3","1","62%","2","","1","622","552","89%"
"855745","2022-11-24T16:00:00+00:00","Ghana","Portugal","3","5","9","1","3","6","19","3","1","38%","4","","2","387","315","81%"
"855746","2022-11-24T19:00:00+00:00","Brazil","Serbia","8","9","22","5","11","11","7","6","1","59%","0","","0","582","504","87%"
"855746","2022-11-24T19:00:00+00:00","Serbia","Brazil","0","3","5","2","2","3","12","4","0","41%","3","","6","406","326","80%"
"866682","2022-11-25T10:00:00+00:00","Wales","Iran","3","5","10","2","6","4","9","2","2","62%","1","1","4","501","390","78%"
"866682","2022-11-25T10:00:00+00:00","Iran","Wales","6","6","21","9","7","14","10","7","2","38%","2","0","3","298","197","66%"
"855747","2022-11-25T13:00:00+00:00","Qatar","Senegal","3","5","10","2","5","5","7","6","4","45%","3","","2","406","329","81%"
"855747","2022-11-25T13:00:00+00:00","Senegal","Qatar","5","6","13","2","10","3","12","6","3","55%","3","","2","502","432","86%"
"855748","2022-11-25T16:00:00+00:00","Netherlands","Ecuador","1","1","2","0","0","2","15","2","1","54%","0","","3","506","418","83%"
"855748","2022-11-25T16:00:00+00:00","Ecuador","Netherlands","4","4","15","7","10","5","12","5","4","46%","1","","0","413","328","79%"
"855749","2022-11-25T19:00:00+00:00","England","USA","3","4","8","1","6","2","9","3","1","56%","","","1","541","472","87%"
"855749","2022-11-25T19:00:00+00:00","USA","England","1","5","10","4","6","4","15","7","0","44%","","","3","422","352","83%"