fixture_id,date,round,venue,city,team_a,team_b,team_a_goals,team_b_goals,winner
"855736","2022-11-20T16:00:00+00:00","Group Stage - 1","Al Bayt Stadium","Al Khor","Qatar","Ecuador","0","2","Ecuador"
"855735","2022-11-21T13:00:00+00:00","Group Stage - 1","Khalifa International Stadium","Ar-Rayyan","England","Iran","6","2","England"
"855734","2022-11-21T16:00:00+00:00","Group Stage - 1","Al Thumama Stadium","Doha","Senegal","Netherlands","0","2","Netherlands"
"866681","2022-11-21T19:00:00+00:00","Group Stage - 1","Ahmad bin Ali Stadium","Al-Rayyan","USA","Wales","1","1","Draw"
"855737","2022-11-22T10:00:00+00:00","Group Stage - 1","Lusail Iconic Stadium","Lusail","Argentina","Saudi Arabia","1","2","Saudi Arabia"
"855738","2022-11-22T13:00:00+00:00","Group Stage - 1","Education City Stadium","Ar-Rayyan","Denmark","Tunisia","0","0","Draw"
"855739","2022-11-22T16:00:00+00:00","Group Stage - 1","Stadium 974","Doha","Mexico","Poland","0","0","Draw"
"871850","2022-11-22T19:00:00+00:00","Group Stage - 1","Al Janoub Stadium","Al Wakrah","France","Australia","4","1","France"
"855740","2022-11-23T10:00:00+00:00","Group Stage - 1","Al Bayt Stadium","Al Khor","Morocco","Croatia","0","0","Draw"
"855741","2022-11-23T13:00:00+00:00","Group Stage - 1","Khalifa International Stadium","Ar-Rayyan","Germany","Japan","1","2","Japan"
"871851","2022-11-23T16:00:00+00:00","Group Stage - 1","Al Thumama Stadium","Doha","Spain","Costa Rica","7","0","Spain"
"855742","2022-11-23T19:00:00+00:00","Group Stage - 1","Ahmad bin Ali Stadium","Al-Rayyan","Belgium","Canada","1","0","Belgium"
"855743","2022-11-24T10:00:00+00:00","Group Stage - 1","Al Janoub Stadium","Al Wakrah","Switzerland","Cameroon","1","0","Switzerland"
"855744","2022-11-24T13:00:00+00:00","Group Stage - 1","Education City Stadium","Ar-Rayyan","Uruguay","South Korea","0","0","Draw"
"855745","2022-11-24T16:00:00+00:00","Group Stage - 1","Stadium 974","Doha","Portugal","Ghana","3","2","Portugal"
"855746","2022-11-24T19:00:00+00:00","Group Stage - 1","Lusail Iconic Stadium","Lusail","Brazil","Serbia","2","0","Brazil"
"866682","2022-11-25T10:00:00+00:00","Group Stage - 2","Ahmad bin Ali Stadium","Al-Rayyan","Wales","Iran","0","2","Iran"
"855747","2022-11-25T13:00:00+00:00","Group Stage - 2","Al Thumama Stadium","Doha","Qatar","Senegal","1","3","Senegal"
"855748","2022-11-25T16:00:00+00:00","Group Stage - 2","Khalifa International Stadium","Ar-Rayyan","Netherlands","Ecuador","1","1","Draw"
"855749","2022-11-25T19:00:00+00:00","Group Stage - 2","Al Bayt Stadium","Al Khor","England","USA","0","0","Draw"
"871852","2022-11-26T10:00:00+00:00","Group Stage - 2","Al Janoub Stadium","Al Wakrah","Tunisia","Australia","0","1","Australia"
"855750","2022-11-26T13:00:00+00:00","Group Stage - 2","Education City Stadium","Ar-Rayyan","Poland","Saudi Arabia","2","0","Poland"
"855751","2022-11-26T16:00:00+00:00","Group Stage - 2","Stadium 974","Doha","France","Denmark","2","1","France"
"855752","2022-11-26T19:00:00+00:00","Group Stage - 2","Lusail Iconic Stadium","Lusail","Argentina","Mexico","2","0","Argentina"
"871853","2022-11-27T10:00:00+00:00","Group Stage - 2","Ahmad bin Ali Stadium","Al-Rayyan","Japan","Costa Rica","0","1","Costa Rica"
"855753","2022-11-27T13:00:00+00:00","Group Stage - 2","Al Thumama Stadium","Doha","Belgium","Morocco","0","2","Morocco"
"855754","2022-11-27T16:00:00+00:00","Group Stage - 2","Khalifa International Stadium","Ar-Rayyan","Croatia","Canada","4","1","Croatia"
"855755","2022-11-27T19:00:00+00:00","Group Stage - 2","Al Bayt Stadium","Al Khor","Spain","Germany","1","1","Draw"
"855756","2022-11-28T10:00:00+00:00","Group Stage - 2","Al Janoub Stadium","Al Wakrah","Cameroon","Serbia","3","3","Draw"
"855757","2022-11-28T13:00:00+00:00","Group Stage - 2","Education City Stadium","Ar-Rayyan","South Korea","Ghana","2","3","Ghana"
"855758","2022-11-28T16:00:00+00:00","Group Stage - 2","Stadium 974","Doha","Brazil","Switzerland","1","0","Brazil"
"855759","2022-11-28T19:00:00+00:00","Group Stage - 2","Lusail Iconic Stadium","Lusail","Portugal","Uruguay","2","0","Portugal"
"855760","2022-11-29T15:00:00+00:00","Group Stage - 3","Al Bayt Stadium","Al Khor","Netherlands","Qatar","2","0","Netherlands"
"855761","2022-11-29T15:00:00+00:00","Group Stage - 3","Khalifa International Stadium","Ar-Rayyan","Ecuador","Senegal","1","2","Senegal"
"855762","2022-11-29T19:00:00+00:00","Group Stage - 3","Al Thumama Stadium","Doha","Iran","USA","0","1","USA"
"866683","2022-11-29T19:00:00+00:00","Group Stage - 3","Ahmad bin Ali Stadium","Al-Rayyan","Wales","England","0","3","England"
"871854","2022-11-30T15:00:00+00:00","Group Stage - 3","Al Janoub Stadium","Al Wakrah","Australia","Denmark","1","0","Australia"
"855763","2022-11-30T15:00:00+00:00","Group Stage - 3","Education City Stadium","Ar-Rayyan","Tunisia","France","1","0","Tunisia"
"855765","2022-11-30T19:00:00+00:00","Group Stage - 3","Lusail Iconic Stadium","Lusail","Saudi Arabia","Mexico","1","2","Mexico"
"855764","2022-11-30T19:00:00+00:00","Group Stage - 3","Stadium 974","Doha","Poland","Argentina","0","2","Argentina"
"855766","2022-12-01T15:00:00+00:00","Group Stage - 3","Ahmad bin Ali Stadium","Al-Rayyan","Croatia","Belgium","0","0","Draw"
"855767","2022-12-01T15:00:00+00:00","Group Stage - 3","Al Thumama Stadium","Doha","Canada","Morocco","1","2","Morocco"
"855768","2022-12-01T19:00:00+00:00","Group Stage - 3","Khalifa International Stadium","Ar-Rayyan","Japan","Spain","2","1","Japan"
"871855","2022-12-01T19:00:00+00:00","Group Stage - 3","Al Bayt Stadium","Al Khor","Costa Rica","Germany","2","4","Germany"
"855769","2022-12-02T15:00:00+00:00","Group Stage - 3","Education City Stadium","Ar-Rayyan","South Korea","Portugal","2","1","South Korea"
"855770","2022-12-02T15:00:00+00:00","Group Stage - 3","Al Janoub Stadium","Al Wakrah","Ghana","Uruguay","0","2","Uruguay"
"855772","2022-12-02T19:00:00+00:00","Group Stage - 3","Stadium 974","Doha","Serbia","Switzerland","2","3","Switzerland"
"855771","2022-12-02T19:00:00+00:00","Group Stage - 3","Lusail Iconic Stadium","Lusail","Cameroon","Brazil","1","0","Cameroon"
"976533","2022-12-03T15:00:00+00:00","Round of 16","Khalifa International Stadium","Ar-Rayyan","Netherlands","USA","3","1","Netherlands"
"976642","2022-12-03T19:00:00+00:00","Round of 16","Ahmad bin Ali Stadium","Al-Rayyan","Argentina","Australia","2","1","Argentina"
"976643","2022-12-04T15:00:00+00:00","Round of 16","Al Thumama Stadium","Doha","France","Poland","3","1","France"
"976534","2022-12-04T19:00:00+00:00","Round of 16","Al Bayt Stadium","Al Khor","England","Senegal","3","0","England"
"977344","2022-12-05T15:00:00+00:00","Round of 16","Al Janoub Stadium","Al Wakrah","Japan","Croatia","1","1","Croatia"
"977705","2022-12-05T19:00:00+00:00","Round of 16","Stadium 974","Doha","Brazil","South Korea","4","1","Brazil"
"977345","2022-12-06T15:00:00+00:00","Round of 16","Education City Stadium","Ar-Rayyan","Morocco","Spain","0","0","Morocco"
"977706","2022-12-06T19:00:00+00:00","Round of 16","Lusail Iconic Stadium","Lusail","Portugal","Switzerland","6","1","Portugal"
"978072","2022-12-09T15:00:00+00:00","Quarter-finals","Education City Stadium","Ar-Rayyan","Croatia","Brazil","1","1","Croatia"
"977794","2022-12-09T19:00:00+00:00","Quarter-finals","Lusail Iconic Stadium","Lusail","Netherlands","Argentina","2","2","Argentina"
"978088","2022-12-10T15:00:00+00:00","Quarter-finals","Al Thumama Stadium","Doha","Morocco","Portugal","1","0","Morocco"
"978036","2022-12-10T19:00:00+00:00","Quarter-finals","Al Bayt Stadium","Al Khor","England","France","1","2","France"
"978279","2022-12-13T19:00:00+00:00","Semi-finals","Lusail Iconic Stadium","Lusail","Argentina","Croatia","3","0","Argentina"
"978488","2022-12-14T19:00:00+00:00","Semi-finals","Al Bayt Stadium","Al Khor","France","Morocco","2","0","France"
"979138","2022-12-17T15:00:00+00:00","3rd Place Final","Khalifa International Stadium","Ar-Rayyan","Croatia","Morocco","2","1","Croatia"
"979139","2022-12-18T15:00:00+00:00","Final","Lusail Iconic Stadium","Lusail","Argentina","France","3","3","Argentina"